Date,Close,Name
15/12/2020,124.8000031,ABNB
16/12/2020,137.9900055,ABNB
17/12/2020,147.0500031,ABNB
18/12/2020,157.3000031,ABNB
21/12/2020,163.0200043,ABNB
22/12/2020,163.1900024,ABNB
23/12/2020,158.0099945,ABNB
24/12/2020,154.8399963,ABNB
28/12/2020,149,ABNB
29/12/2020,150,ABNB
30/12/2020,148.4299927,ABNB
31/12/2020,146.8000031,ABNB
04/01/2021,139.1499939,ABNB
05/01/2021,148.3000031,ABNB
06/01/2021,142.7700043,ABNB
07/01/2021,151.2700043,ABNB
08/01/2021,149.7700043,ABNB
11/01/2021,148.1300049,ABNB
12/01/2021,160.8000031,ABNB
13/01/2021,169.9900055,ABNB
14/01/2021,180.5,ABNB
15/01/2021,169.2700043,ABNB
19/01/2021,173.6900024,ABNB
20/01/2021,161.8300018,ABNB
21/01/2021,180.3999939,ABNB
22/01/2021,181.8699951,ABNB
25/01/2021,177.5299988,ABNB
26/01/2021,192.7400055,ABNB
27/01/2021,201.25,ABNB
28/01/2021,187.3699951,ABNB
29/01/2021,183.6300049,ABNB
01/02/2021,180.4400024,ABNB
02/02/2021,179.1699982,ABNB
03/02/2021,185.7200012,ABNB
04/02/2021,195.8000031,ABNB
05/02/2021,195.3099976,ABNB
08/02/2021,200.4299927,ABNB
09/02/2021,199.8800049,ABNB
10/02/2021,211.6600037,ABNB
11/02/2021,216.8399963,ABNB
12/02/2021,212.6799927,ABNB
16/02/2021,209.8600006,ABNB
17/02/2021,201.9600067,ABNB
18/02/2021,198.0399933,ABNB
19/02/2021,201.0700073,ABNB
22/02/2021,195.3399963,ABNB
23/02/2021,187.5899963,ABNB
24/02/2021,200.1999969,ABNB
25/02/2021,182.0599976,ABNB
26/02/2021,206.3500061,ABNB
01/03/2021,196.4199982,ABNB
02/03/2021,189.8999939,ABNB
03/03/2021,180.3999939,ABNB
04/03/2021,180.2299957,ABNB
05/03/2021,179.8099976,ABNB
08/03/2021,180.8099976,ABNB
09/03/2021,183.1100006,ABNB
10/03/2021,183.7899933,ABNB
11/03/2021,197.8699951,ABNB
12/03/2021,206.7400055,ABNB
15/03/2021,209.9900055,ABNB
16/03/2021,200.0099945,ABNB
17/03/2021,201.3600006,ABNB
18/03/2021,191.4499969,ABNB
19/03/2021,194.3899994,ABNB
22/03/2021,195,ABNB
23/03/2021,187.1399994,ABNB
24/03/2021,178.8500061,ABNB
25/03/2021,176.1600037,ABNB
26/03/2021,174.3999939,ABNB
29/03/2021,182.5,ABNB
30/03/2021,183.1000061,ABNB
31/03/2021,187.9400024,ABNB
01/04/2021,188.2400055,ABNB
05/04/2021,186.6900024,ABNB
06/04/2021,190.0299988,ABNB
07/04/2021,179.9400024,ABNB
08/04/2021,180.1799927,ABNB
09/04/2021,179.5,ABNB
12/04/2021,176.4900055,ABNB
13/04/2021,177.9499969,ABNB
14/04/2021,176.4299927,ABNB
15/04/2021,175.3500061,ABNB
16/04/2021,178.6900024,ABNB
19/04/2021,174.5800018,ABNB
20/04/2021,169.5700073,ABNB
21/04/2021,167.0700073,ABNB
22/04/2021,170.7100067,ABNB
23/04/2021,174.25,ABNB
26/04/2021,174.8800049,ABNB
27/04/2021,177.9400024,ABNB
28/04/2021,180,ABNB
29/04/2021,177.6799927,ABNB
30/04/2021,172.7100067,ABNB
03/05/2021,168.1100006,ABNB
04/05/2021,168.8999939,ABNB
05/05/2021,162.3300018,ABNB
06/05/2021,153.6399994,ABNB
07/05/2021,151.2100067,ABNB
10/05/2021,146.7299957,ABNB
11/05/2021,142.7299957,ABNB
12/05/2021,140.25,ABNB
13/05/2021,135.75,ABNB
14/05/2021,141.1999969,ABNB
17/05/2021,132.5,ABNB
18/05/2021,135.0200043,ABNB
19/05/2021,138.1900024,ABNB
20/05/2021,136.1999969,ABNB
21/05/2021,134.7100067,ABNB
24/05/2021,135.9100037,ABNB
25/05/2021,133.9900055,ABNB
26/05/2021,134.75,ABNB
27/05/2021,143.1699982,ABNB
28/05/2021,140.3999939,ABNB
01/06/2021,144.3099976,ABNB
02/06/2021,151,ABNB
03/06/2021,144.1900024,ABNB
04/06/2021,150.7299957,ABNB
07/06/2021,148.9700012,ABNB
08/06/2021,147.0099945,ABNB
09/06/2021,144.8500061,ABNB
10/06/2021,146.1199951,ABNB
11/06/2021,148.4400024,ABNB
14/06/2021,149.2100067,ABNB
15/06/2021,151.7799988,ABNB
16/06/2021,149.1499939,ABNB
17/06/2021,150.6999969,ABNB
18/06/2021,152.5200043,ABNB
21/06/2021,149.6999969,ABNB
22/06/2021,149.6799927,ABNB
23/06/2021,151.5800018,ABNB
24/06/2021,150.7299957,ABNB
25/06/2021,149.6699982,ABNB
28/06/2021,149.9400024,ABNB
29/06/2021,146.0800018,ABNB
30/06/2021,153.1399994,ABNB
01/07/2021,153.0800018,ABNB
02/07/2021,150.2299957,ABNB
06/07/2021,148.3699951,ABNB
07/07/2021,143.7200012,ABNB
08/07/2021,142.5299988,ABNB
09/07/2021,149.6399994,ABNB
12/07/2021,146.6900024,ABNB
13/07/2021,143.4100037,ABNB
14/07/2021,139.0899963,ABNB
15/07/2021,137.5,ABNB
16/07/2021,134.3099976,ABNB
19/07/2021,131.8800049,ABNB
20/07/2021,136.0899963,ABNB
21/07/2021,139.25,ABNB
22/07/2021,139.4700012,ABNB
23/07/2021,138.7299957,ABNB
26/07/2021,142,ABNB
27/07/2021,141.5800018,ABNB
28/07/2021,143.3000031,ABNB
29/07/2021,143.4700012,ABNB
30/07/2021,144.0099945,ABNB
02/08/2021,145.4900055,ABNB
03/08/2021,145.6499939,ABNB
04/08/2021,147.3999939,ABNB
05/08/2021,150.3200073,ABNB
06/08/2021,149.9900055,ABNB
09/08/2021,149.4400024,ABNB
10/08/2021,147.9499969,ABNB
11/08/2021,148.1600037,ABNB
12/08/2021,151.1499939,ABNB
13/08/2021,152.7599945,ABNB
16/08/2021,148.5700073,ABNB
17/08/2021,143.8999939,ABNB
18/08/2021,146.7400055,ABNB
19/08/2021,142.6499939,ABNB
20/08/2021,143.6999969,ABNB
23/08/2021,146.7899933,ABNB
24/08/2021,161.4199982,ABNB
25/08/2021,160.3500061,ABNB
26/08/2021,152.7299957,ABNB
27/08/2021,154.1799927,ABNB
30/08/2021,156.0200043,ABNB
31/08/2021,154.9900055,ABNB
01/09/2021,156.5899963,ABNB
02/09/2021,157.1999969,ABNB
03/09/2021,158,ABNB
07/09/2021,165,ABNB
08/09/2021,163.9299927,ABNB
09/09/2021,166,ABNB
10/09/2021,165.1999969,ABNB
13/09/2021,160.3200073,ABNB
14/09/2021,163.3000031,ABNB
15/09/2021,166.3699951,ABNB
16/09/2021,168.1499939,ABNB
17/09/2021,166.5899963,ABNB
20/09/2021,161.6399994,ABNB
21/09/2021,169.2899933,ABNB
22/09/2021,169.9600067,ABNB
23/09/2021,175.1300049,ABNB
24/09/2021,175.8800049,ABNB
27/09/2021,174.2599945,ABNB
28/09/2021,168.5800018,ABNB
29/09/2021,168.0700073,ABNB
30/09/2021,167.75,ABNB
01/10/2021,173.0099945,ABNB
04/10/2021,164.5,ABNB
05/10/2021,164.7400055,ABNB
06/10/2021,167.25,ABNB
07/10/2021,169.6000061,ABNB
08/10/2021,169.9700012,ABNB
11/10/2021,166.6699982,ABNB
12/10/2021,172.75,ABNB
13/10/2021,173.5800018,ABNB
14/10/2021,170.5,ABNB
15/10/2021,169.1799927,ABNB
18/10/2021,172.3200073,ABNB
19/10/2021,170.7400055,ABNB
20/10/2021,169.7599945,ABNB
21/10/2021,170.5,ABNB
22/10/2021,166.6399994,ABNB
25/10/2021,169.2400055,ABNB
26/10/2021,171.1399994,ABNB
27/10/2021,169.1000061,ABNB
28/10/2021,171.6999969,ABNB
29/10/2021,170.6600037,ABNB
01/11/2021,174.6000061,ABNB
02/11/2021,172.8699951,ABNB
03/11/2021,172.8699951,ABNB
04/11/2021,178.4499969,ABNB
05/11/2021,201.6199951,ABNB
08/11/2021,200.3200073,ABNB
09/11/2021,194.6799927,ABNB
10/11/2021,192.2200012,ABNB
11/11/2021,191.6100006,ABNB
12/11/2021,206.5399933,ABNB
15/11/2021,207.2100067,ABNB
16/11/2021,207.0399933,ABNB
17/11/2021,199.1100006,ABNB
18/11/2021,204.3300018,ABNB
19/11/2021,196.4199982,ABNB
22/11/2021,181.7299957,ABNB
23/11/2021,178.2700043,ABNB
24/11/2021,179.8899994,ABNB
26/11/2021,173.8600006,ABNB
29/11/2021,180.0800018,ABNB
30/11/2021,172.5399933,ABNB
01/12/2021,163.0800018,ABNB
02/12/2021,169.6000061,ABNB
03/12/2021,166.75,ABNB
06/12/2021,180.8500061,ABNB
07/12/2021,183.1399994,ABNB
08/12/2021,186.4900055,ABNB
09/12/2021,181.4600067,ABNB
10/12/2021,180.4199982,ABNB
13/12/2021,171.0399933,ABNB
14/12/2021,167.9600067,ABNB
15/12/2020,17.39999962,BRDCY
16/12/2020,17.04999924,BRDCY
17/12/2020,17.04999924,BRDCY
18/12/2020,16.64999962,BRDCY
21/12/2020,16.5,BRDCY
22/12/2020,16.75,BRDCY
23/12/2020,16.51000023,BRDCY
24/12/2020,16.34000015,BRDCY
28/12/2020,16.30999947,BRDCY
29/12/2020,16.45000076,BRDCY
30/12/2020,16.30999947,BRDCY
31/12/2020,16.39999962,BRDCY
04/01/2021,16.22999954,BRDCY
05/01/2021,16.30999947,BRDCY
06/01/2021,16.47999954,BRDCY
07/01/2021,16.68000031,BRDCY
08/01/2021,17.48999977,BRDCY
11/01/2021,17.36000061,BRDCY
12/01/2021,17.5,BRDCY
13/01/2021,17.79999924,BRDCY
14/01/2021,18.78000069,BRDCY
15/01/2021,18.89999962,BRDCY
19/01/2021,19.47999954,BRDCY
20/01/2021,19.80999947,BRDCY
21/01/2021,19.68000031,BRDCY
22/01/2021,19.73999977,BRDCY
25/01/2021,19.73999977,BRDCY
26/01/2021,19.22999954,BRDCY
27/01/2021,18.54000092,BRDCY
28/01/2021,18.93000031,BRDCY
29/01/2021,18.70000076,BRDCY
01/02/2021,18.70000076,BRDCY
02/02/2021,18.76000023,BRDCY
03/02/2021,19.06999969,BRDCY
04/02/2021,19.42000008,BRDCY
05/02/2021,19.29000092,BRDCY
08/02/2021,19.68000031,BRDCY
09/02/2021,19.88999939,BRDCY
10/02/2021,20.42000008,BRDCY
11/02/2021,20.38999939,BRDCY
12/02/2021,21.02000046,BRDCY
16/02/2021,20.89999962,BRDCY
17/02/2021,20.26000023,BRDCY
18/02/2021,19.92000008,BRDCY
19/02/2021,19.65999985,BRDCY
22/02/2021,19.96999931,BRDCY
23/02/2021,19.95000076,BRDCY
24/02/2021,20.06999969,BRDCY
25/02/2021,20.02000046,BRDCY
26/02/2021,19.80999947,BRDCY
01/03/2021,19.73999977,BRDCY
02/03/2021,19.65999985,BRDCY
03/03/2021,20.03000069,BRDCY
04/03/2021,20.06999969,BRDCY
05/03/2021,20.38999939,BRDCY
08/03/2021,19.93000031,BRDCY
09/03/2021,20.37999916,BRDCY
10/03/2021,20.64999962,BRDCY
11/03/2021,20.10000038,BRDCY
12/03/2021,20.15999985,BRDCY
15/03/2021,20.18000031,BRDCY
16/03/2021,20.10000038,BRDCY
17/03/2021,20.04000092,BRDCY
18/03/2021,20.27000046,BRDCY
19/03/2021,20.27000046,BRDCY
22/03/2021,20.27000046,BRDCY
23/03/2021,20.12000084,BRDCY
24/03/2021,19.89999962,BRDCY
25/03/2021,20.29999924,BRDCY
26/03/2021,20.64999962,BRDCY
29/03/2021,20.69000053,BRDCY
30/03/2021,20.88999939,BRDCY
31/03/2021,20.35000038,BRDCY
01/04/2021,20.02000046,BRDCY
05/04/2021,20.09000015,BRDCY
06/04/2021,19.78000069,BRDCY
07/04/2021,20.09000015,BRDCY
08/04/2021,20.04000092,BRDCY
09/04/2021,20.12999916,BRDCY
12/04/2021,20.10000038,BRDCY
13/04/2021,20.03000069,BRDCY
14/04/2021,20.25,BRDCY
15/04/2021,20.44000053,BRDCY
16/04/2021,20.44000053,BRDCY
19/04/2021,20.35000038,BRDCY
20/04/2021,19.98999977,BRDCY
21/04/2021,20.32999992,BRDCY
22/04/2021,20.46999931,BRDCY
23/04/2021,21.01000023,BRDCY
26/04/2021,20.84000015,BRDCY
27/04/2021,20.39999962,BRDCY
28/04/2021,20.51000023,BRDCY
29/04/2021,20.52000046,BRDCY
30/04/2021,20.04000092,BRDCY
03/05/2021,20.27000046,BRDCY
04/05/2021,20.07999992,BRDCY
05/05/2021,20.31999969,BRDCY
06/05/2021,20.62000084,BRDCY
07/05/2021,20.92000008,BRDCY
10/05/2021,21.11000061,BRDCY
11/05/2021,21.02000046,BRDCY
12/05/2021,20.68000031,BRDCY
13/05/2021,21.20999908,BRDCY
14/05/2021,21.29999924,BRDCY
17/05/2021,21.70000076,BRDCY
18/05/2021,21.56999969,BRDCY
19/05/2021,21.88999939,BRDCY
20/05/2021,22.28000069,BRDCY
21/05/2021,21.89999962,BRDCY
24/05/2021,21.97999954,BRDCY
25/05/2021,21.90999985,BRDCY
26/05/2021,21.90999985,BRDCY
27/05/2021,21.86000061,BRDCY
28/05/2021,22.19000053,BRDCY
01/06/2021,21.85000038,BRDCY
02/06/2021,22.25,BRDCY
03/06/2021,22.65999985,BRDCY
04/06/2021,22.70999908,BRDCY
07/06/2021,22.70999908,BRDCY
08/06/2021,22.51000023,BRDCY
09/06/2021,22.45999908,BRDCY
10/06/2021,22.54000092,BRDCY
11/06/2021,22.45000076,BRDCY
14/06/2021,22.62000084,BRDCY
15/06/2021,22.62000084,BRDCY
16/06/2021,23.01000023,BRDCY
17/06/2021,22.97999954,BRDCY
18/06/2021,22.63999939,BRDCY
21/06/2021,22.65999985,BRDCY
22/06/2021,23.17000008,BRDCY
23/06/2021,23.18000031,BRDCY
24/06/2021,23.19000053,BRDCY
25/06/2021,23.27000046,BRDCY
28/06/2021,22.96999931,BRDCY
29/06/2021,22.85000038,BRDCY
30/06/2021,22.70000076,BRDCY
01/07/2021,22.70000076,BRDCY
02/07/2021,23.20000076,BRDCY
06/07/2021,22.98999977,BRDCY
07/07/2021,22.84000015,BRDCY
08/07/2021,22.36000061,BRDCY
09/07/2021,22.94000053,BRDCY
12/07/2021,22.55999947,BRDCY
13/07/2021,22.45999908,BRDCY
14/07/2021,21.70999908,BRDCY
15/07/2021,21.39999962,BRDCY
16/07/2021,21.23999977,BRDCY
19/07/2021,20.97999954,BRDCY
20/07/2021,21.5,BRDCY
21/07/2021,21.76000023,BRDCY
22/07/2021,21.76000023,BRDCY
23/07/2021,21.87999916,BRDCY
26/07/2021,21.78000069,BRDCY
27/07/2021,21.64999962,BRDCY
28/07/2021,21.87999916,BRDCY
29/07/2021,21.77000046,BRDCY
30/07/2021,22.02000046,BRDCY
02/08/2021,22,BRDCY
03/08/2021,21.94000053,BRDCY
04/08/2021,21.93000031,BRDCY
05/08/2021,21.98999977,BRDCY
06/08/2021,21.75,BRDCY
09/08/2021,21.81999969,BRDCY
10/08/2021,22.5,BRDCY
11/08/2021,23.37999916,BRDCY
12/08/2021,23.28000069,BRDCY
13/08/2021,23.31999969,BRDCY
16/08/2021,23.29999924,BRDCY
17/08/2021,23.11000061,BRDCY
18/08/2021,22.86000061,BRDCY
19/08/2021,22.72999954,BRDCY
20/08/2021,22.48999977,BRDCY
23/08/2021,22.88999939,BRDCY
24/08/2021,22.61000061,BRDCY
25/08/2021,22.62000084,BRDCY
26/08/2021,22.70000076,BRDCY
27/08/2021,22.80999947,BRDCY
30/08/2021,22.89999962,BRDCY
31/08/2021,22.95999908,BRDCY
01/09/2021,23.09000015,BRDCY
02/09/2021,23.07999992,BRDCY
03/09/2021,23.86000061,BRDCY
07/09/2021,24.21999931,BRDCY
08/09/2021,24.04999924,BRDCY
09/09/2021,23.97999954,BRDCY
10/09/2021,23.96999931,BRDCY
13/09/2021,24.31999969,BRDCY
14/09/2021,24.04000092,BRDCY
15/09/2021,24.13999939,BRDCY
16/09/2021,24.38999939,BRDCY
17/09/2021,24,BRDCY
20/09/2021,23.67000008,BRDCY
21/09/2021,24.45000076,BRDCY
22/09/2021,24.04999924,BRDCY
23/09/2021,24.29000092,BRDCY
24/09/2021,24.06999969,BRDCY
27/09/2021,24.20999908,BRDCY
28/09/2021,23.97999954,BRDCY
29/09/2021,24.29999924,BRDCY
30/09/2021,23.71999931,BRDCY
01/10/2021,23.48999977,BRDCY
04/10/2021,22.81999969,BRDCY
05/10/2021,23.29999924,BRDCY
06/10/2021,23.19000053,BRDCY
07/10/2021,23.30999947,BRDCY
08/10/2021,23.04999924,BRDCY
11/10/2021,23.31999969,BRDCY
12/10/2021,23.46999931,BRDCY
13/10/2021,23.12999916,BRDCY
14/10/2021,23.14999962,BRDCY
15/10/2021,23.31999969,BRDCY
18/10/2021,23.18000031,BRDCY
19/10/2021,22.94000053,BRDCY
20/10/2021,22.35000038,BRDCY
21/10/2021,22.12000084,BRDCY
22/10/2021,22.36000061,BRDCY
25/10/2021,22.05999947,BRDCY
26/10/2021,22.13999939,BRDCY
27/10/2021,21.94000053,BRDCY
28/10/2021,22.22999954,BRDCY
29/10/2021,22.05999947,BRDCY
01/11/2021,22.45999908,BRDCY
02/11/2021,22.15999985,BRDCY
03/11/2021,22.26000023,BRDCY
04/11/2021,22.32999992,BRDCY
05/11/2021,22.70999908,BRDCY
08/11/2021,22.79000092,BRDCY
09/11/2021,22.26000023,BRDCY
10/11/2021,21.60000038,BRDCY
11/11/2021,22.36000061,BRDCY
12/11/2021,21.77000046,BRDCY
15/11/2021,21.54000092,BRDCY
16/11/2021,21.57999992,BRDCY
17/11/2021,21.37000084,BRDCY
18/11/2021,21.34000015,BRDCY
19/11/2021,21.39999962,BRDCY
22/11/2021,21.44000053,BRDCY
23/11/2021,21.43000031,BRDCY
24/11/2021,21.29999924,BRDCY
26/11/2021,20.35000038,BRDCY
29/11/2021,20.29999924,BRDCY
30/11/2021,19.95999908,BRDCY
01/12/2021,20.09000015,BRDCY
02/12/2021,20.77000046,BRDCY
03/12/2021,21.04000092,BRDCY
06/12/2021,21.35000038,BRDCY
07/12/2021,21.84000015,BRDCY
08/12/2021,21.86000061,BRDCY
09/12/2021,22.01000023,BRDCY
10/12/2021,21.86000061,BRDCY
13/12/2021,21.69000053,BRDCY
14/12/2021,21.75,BRDCY
15/12/2020,52.19450378,KO
16/12/2020,51.43834686,KO
17/12/2020,51.64192581,KO
18/12/2020,52.0975647,KO
21/12/2020,51.19599152,KO
22/12/2020,51.14751053,KO
23/12/2020,51.45773697,KO
24/12/2020,51.80672836,KO
28/12/2020,52.50472641,KO
29/12/2020,52.47564316,KO
30/12/2020,52.77616882,KO
31/12/2020,53.16394424,KO
04/01/2021,51.14751053,KO
05/01/2021,50.58523941,KO
06/01/2021,48.97597504,KO
07/01/2021,48.4330864,KO
08/01/2021,49.51885986,KO
11/01/2021,48.66575241,KO
12/01/2021,48.57850266,KO
13/01/2021,48.62697601,KO
14/01/2021,47.72540283,KO
15/01/2021,47.21159744,KO
19/01/2021,47.02740479,KO
20/01/2021,47.19221115,KO
21/01/2021,47.4539566,KO
22/01/2021,47.00801468,KO
25/01/2021,47.28915024,KO
26/01/2021,47.78356934,KO
27/01/2021,47.04679489,KO
28/01/2021,47.64784622,KO
29/01/2021,46.67840576,KO
01/02/2021,46.99831772,KO
02/02/2021,47.46365356,KO
03/02/2021,47.27945709,KO
04/02/2021,47.51211929,KO
05/02/2021,48.13256073,KO
08/02/2021,48.39431,KO
09/02/2021,48.18103409,KO
10/02/2021,48.08408737,KO
11/02/2021,48.76269531,KO
12/02/2021,49.14077759,KO
16/02/2021,48.73361588,KO
17/02/2021,48.59789276,KO
18/02/2021,49.21833038,KO
19/02/2021,48.57850266,KO
22/02/2021,49.0826149,KO
23/02/2021,48.99536133,KO
24/02/2021,49.16016388,KO
25/02/2021,48.63666534,KO
26/02/2021,47.49273682,KO
01/03/2021,48.37492371,KO
02/03/2021,48.56880951,KO
03/03/2021,48.4524765,KO
04/03/2021,48.41369629,KO
05/03/2021,49.2377243,KO
08/03/2021,50.06174469,KO
09/03/2021,49.30558395,KO
10/03/2021,49.86785126,KO
11/03/2021,49.32497025,KO
12/03/2021,49.22722244,KO
15/03/2021,49.88214874,KO
16/03/2021,50.06787491,KO
17/03/2021,50.08742905,KO
18/03/2021,49.43249512,KO
19/03/2021,49.66709518,KO
22/03/2021,49.85282516,KO
23/03/2021,50.23405075,KO
24/03/2021,50.36112595,KO
25/03/2021,50.8498764,KO
26/03/2021,51.84693909,KO
29/03/2021,52.63871384,KO
30/03/2021,51.95446396,KO
31/03/2021,51.52436066,KO
01/04/2021,51.32885742,KO
05/04/2021,51.62211227,KO
06/04/2021,51.99356079,KO
07/04/2021,52.08153915,KO
08/04/2021,51.92513657,KO
09/04/2021,51.98378754,KO
12/04/2021,52.14996338,KO
13/04/2021,51.89581299,KO
14/04/2021,51.88603592,KO
15/04/2021,52.13041687,KO
16/04/2021,52.47254181,KO
19/04/2021,52.78534317,KO
20/04/2021,52.9515152,KO
21/04/2021,53.38162231,KO
22/04/2021,53.21544647,KO
23/04/2021,53.24477005,KO
26/04/2021,52.45299149,KO
27/04/2021,52.37479401,KO
28/04/2021,52.38456345,KO
29/04/2021,53.03949356,KO
30/04/2021,52.76579285,KO
03/05/2021,53.25454712,KO
04/05/2021,52.92219162,KO
05/05/2021,52.78534317,KO
06/05/2021,53.31319809,KO
07/05/2021,53.2838707,KO
10/05/2021,53.67487335,KO
11/05/2021,53.09814453,KO
12/05/2021,52.82444763,KO
13/05/2021,53.2838707,KO
14/05/2021,53.49892044,KO
17/05/2021,53.41094208,KO
18/05/2021,53.11769485,KO
19/05/2021,52.9515152,KO
20/05/2021,53.42072296,KO
21/05/2021,53.39139557,KO
24/05/2021,53.56734848,KO
25/05/2021,53.55757523,KO
26/05/2021,53.79217529,KO
27/05/2021,54.24183273,KO
28/05/2021,54.04632568,KO
01/06/2021,54.03654861,KO
02/06/2021,54.25159836,KO
03/06/2021,54.38845062,KO
04/06/2021,54.97496033,KO
07/06/2021,54.77945709,KO
08/06/2021,54.39823151,KO
09/06/2021,54.23205185,KO
10/06/2021,54.65237808,KO
11/06/2021,54.89675522,KO
14/06/2021,54.70963287,KO
15/06/2021,54.57175064,KO
16/06/2021,53.8429451,KO
17/06/2021,54.11870956,KO
18/06/2021,52.95655823,KO
21/06/2021,53.5376358,KO
22/06/2021,53.73461151,KO
23/06/2021,53.3012619,KO
24/06/2021,53.56718063,KO
25/06/2021,53.49824142,KO
28/06/2021,53.43914795,KO
29/06/2021,53.04520035,KO
30/06/2021,53.29141617,KO
01/07/2021,53.14368439,KO
02/07/2021,53.36035538,KO
06/07/2021,53.06489563,KO
07/07/2021,53.49824142,KO
08/07/2021,53.31111526,KO
09/07/2021,53.63611984,KO
12/07/2021,53.65581894,KO
13/07/2021,54.18765259,KO
14/07/2021,55.40888977,KO
15/07/2021,55.58616638,KO
16/07/2021,55.54677582,KO
19/07/2021,54.88690948,KO
20/07/2021,54.98539734,KO
21/07/2021,55.69450378,KO
22/07/2021,55.61571503,KO
23/07/2021,56.14754105,KO
26/07/2021,56.1967926,KO
27/07/2021,56.39376068,KO
28/07/2021,55.88162994,KO
29/07/2021,56.18693924,KO
30/07/2021,56.16724014,KO
02/08/2021,56.01951218,KO
03/08/2021,56.05890656,KO
04/08/2021,55.25130844,KO
05/08/2021,55.64525986,KO
06/08/2021,55.78314209,KO
09/08/2021,55.79299545,KO
10/08/2021,55.9407196,KO
11/08/2021,55.8717804,KO
12/08/2021,55.98011398,KO
13/08/2021,56.36421967,KO
16/08/2021,56.61043167,KO
17/08/2021,56.41345978,KO
18/08/2021,55.64525986,KO
19/08/2021,55.99981308,KO
20/08/2021,55.78314209,KO
23/08/2021,55.58616638,KO
24/08/2021,55.16267395,KO
25/08/2021,55.22176743,KO
26/08/2021,54.69978333,KO
27/08/2021,54.80812073,KO
30/08/2021,55.33010101,KO
31/08/2021,55.45813751,KO
01/09/2021,55.83238602,KO
02/09/2021,55.91117859,KO
03/09/2021,55.8717804,KO
07/09/2021,54.82781601,KO
08/09/2021,55.5664711,KO
09/09/2021,55.01494217,KO
10/09/2021,54.76872635,KO
13/09/2021,55.22176743,KO
14/09/2021,55.26145554,KO
15/09/2021,55.44999695,KO
16/09/2021,54.92407227,KO
17/09/2021,54.0210762,KO
20/09/2021,53.64400101,KO
21/09/2021,53.63407516,KO
22/09/2021,53.71346283,KO
23/09/2021,53.62415695,KO
24/09/2021,53.47530746,KO
27/09/2021,53.19746399,KO
28/09/2021,52.23492813,KO
29/09/2021,52.55246353,KO
30/09/2021,52.0662384,KO
01/10/2021,52.61200333,KO
04/10/2021,52.58223724,KO
05/10/2021,52.67154312,KO
06/10/2021,53.29669189,KO
07/10/2021,53.46538544,KO
08/10/2021,53.70353699,KO
11/10/2021,53.81269073,KO
12/10/2021,53.81269073,KO
13/10/2021,53.82261658,KO
14/10/2021,54.18976974,KO
15/10/2021,54.06076813,KO
18/10/2021,53.52492142,KO
19/10/2021,53.7333107,KO
20/10/2021,54.2096138,KO
21/10/2021,53.93176651,KO
22/10/2021,54.03100204,KO
25/10/2021,53.81269073,KO
26/10/2021,54.0508461,KO
27/10/2021,55.09276581,KO
28/10/2021,55.60876465,KO
29/10/2021,55.93622589,KO
01/11/2021,55.73776245,KO
02/11/2021,55.66830063,KO
03/11/2021,55.85684204,KO
04/11/2021,56.16445541,KO
05/11/2021,56.40260696,KO
08/11/2021,55.89653397,KO
09/11/2021,56.05530167,KO
10/11/2021,56.28353119,KO
11/11/2021,56.30337906,KO
12/11/2021,56.17437744,KO
15/11/2021,56.18429947,KO
16/11/2021,55.78738022,KO
17/11/2021,55.47976303,KO
18/11/2021,54.98361206,KO
19/11/2021,54.70576859,KO
22/11/2021,55.04315186,KO
23/11/2021,55.44999695,KO
24/11/2021,55.00345993,KO
26/11/2021,53.31653976,KO
29/11/2021,54.15999985,KO
30/11/2021,52.45000076,KO
01/12/2021,52.29999924,KO
02/12/2021,53.06999969,KO
03/12/2021,53.54000092,KO
06/12/2021,54.90999985,KO
07/12/2021,55.20999908,KO
08/12/2021,55,KO
09/12/2021,54.86000061,KO
10/12/2021,56.27999878,KO
13/12/2021,57.75999832,KO
14/12/2021,57.79999924,KO
15/12/2020,49.38934708,INTC
16/12/2020,49.82797623,INTC
17/12/2020,49.36985779,INTC
18/12/2020,46.26048279,INTC
21/12/2020,45.18828583,INTC
22/12/2020,45.00308228,INTC
23/12/2020,45.39297485,INTC
24/12/2020,45.88033676,INTC
28/12/2020,45.88033676,INTC
29/12/2020,48.14169693,INTC
30/12/2020,47.51787567,INTC
31/12/2020,48.56083298,INTC
04/01/2021,48.41462326,INTC
05/01/2021,49.33086777,INTC
06/01/2021,49.80847931,INTC
07/01/2021,50.8709259,INTC
08/01/2021,50.34458542,INTC
11/01/2021,50.23736191,INTC
12/01/2021,51.89439392,INTC
13/01/2021,55.51062775,INTC
14/01/2021,57.75249863,INTC
15/01/2021,56.12470627,INTC
19/01/2021,56.52434158,INTC
20/01/2021,57.18715286,INTC
21/01/2021,60.88136292,INTC
22/01/2021,55.22795486,INTC
25/01/2021,54.03878784,INTC
26/01/2021,53.8146019,INTC
27/01/2021,52.23554993,INTC
28/01/2021,54.65287018,INTC
29/01/2021,54.10702133,INTC
01/02/2021,55.25719452,INTC
02/02/2021,56.53408813,INTC
03/02/2021,56.22217941,INTC
04/02/2021,57.65195465,INTC
05/02/2021,57.05376053,INTC
08/02/2021,58.0147934,INTC
09/02/2021,57.64214706,INTC
10/02/2021,57.72060013,INTC
11/02/2021,59.48575592,INTC
12/02/2021,60.61349487,INTC
16/02/2021,61.26071548,INTC
17/02/2021,60.65271759,INTC
18/02/2021,60.41736603,INTC
19/02/2021,61.79026413,INTC
22/02/2021,59.53478622,INTC
23/02/2021,59.9368515,INTC
24/02/2021,61.96678162,INTC
25/02/2021,59.23078918,INTC
26/02/2021,59.6034317,INTC
01/03/2021,61.66278458,INTC
02/03/2021,60.05452728,INTC
03/03/2021,58.74046707,INTC
04/03/2021,57.20085907,INTC
05/03/2021,59.56420517,INTC
08/03/2021,58.69142914,INTC
09/03/2021,61.45684052,INTC
10/03/2021,61.04497528,INTC
11/03/2021,62.0844574,INTC
12/03/2021,61.68239594,INTC
15/03/2021,62.55516434,INTC
16/03/2021,63.52600098,INTC
17/03/2021,64.5066452,INTC
18/03/2021,62.49632645,INTC
19/03/2021,62.52574158,INTC
22/03/2021,64.35954285,INTC
23/03/2021,62.25116348,INTC
24/03/2021,60.83904266,INTC
25/03/2021,60.81942749,INTC
26/03/2021,63.61426163,INTC
29/03/2021,63.25142288,INTC
30/03/2021,62.53555298,INTC
31/03/2021,62.76110077,INTC
01/04/2021,63.30046082,INTC
05/04/2021,65.25193024,INTC
06/04/2021,64.29089355,INTC
07/04/2021,64.96754456,INTC
08/04/2021,65.75206757,INTC
09/04/2021,66.93863678,INTC
12/04/2021,64.14381409,INTC
13/04/2021,63.9574852,INTC
14/04/2021,62.94742203,INTC
15/04/2021,63.76135635,INTC
16/04/2021,63.49658203,INTC
19/04/2021,62.39826584,INTC
20/04/2021,61.48626328,INTC
21/04/2021,62.4669075,INTC
22/04/2021,61.35877991,INTC
23/04/2021,58.09324265,INTC
26/04/2021,57.62253571,INTC
27/04/2021,56.84782791,INTC
28/04/2021,56.50460052,INTC
29/04/2021,57.15182495,INTC
30/04/2021,56.41634369,INTC
03/05/2021,56.15157318,INTC
04/05/2021,55.79853821,INTC
05/05/2021,55.7495079,INTC
06/05/2021,56.42834473,INTC
07/05/2021,56.90195465,INTC
10/05/2021,55.22459793,INTC
11/05/2021,54.30698013,INTC
12/05/2021,52.90589142,INTC
13/05/2021,53.29069519,INTC
14/05/2021,54.61285019,INTC
17/05/2021,54.59312057,INTC
18/05/2021,54.10964203,INTC
19/05/2021,54.62271881,INTC
20/05/2021,55.2048645,INTC
21/05/2021,55.33312988,INTC
24/05/2021,56.20140839,INTC
25/05/2021,56.11260605,INTC
26/05/2021,56.16194153,INTC
27/05/2021,56.96115494,INTC
28/05/2021,56.35927963,INTC
01/06/2021,56.13234329,INTC
02/06/2021,56.71448517,INTC
03/06/2021,55.49100113,INTC
04/06/2021,56.6059494,INTC
07/06/2021,56.32967758,INTC
08/06/2021,56.24087906,INTC
09/06/2021,56.24087906,INTC
10/06/2021,56.61581802,INTC
11/06/2021,57.07955551,INTC
14/06/2021,57.41502762,INTC
15/06/2021,57.21769714,INTC
16/06/2021,56.45795059,INTC
17/06/2021,56.41847992,INTC
18/06/2021,54.92858887,INTC
21/06/2021,55.12592697,INTC
22/06/2021,55.12592697,INTC
23/06/2021,54.52404785,INTC
24/06/2021,55.32326508,INTC
25/06/2021,55.16539383,INTC
28/06/2021,56.71448517,INTC
29/06/2021,55.99420547,INTC
30/06/2021,55.39233017,INTC
01/07/2021,55.26406097,INTC
02/07/2021,56.00407028,INTC
06/07/2021,55.34299469,INTC
07/07/2021,55.21472931,INTC
08/07/2021,54.65232086,INTC
09/07/2021,55.24432755,INTC
12/07/2021,55.97447586,INTC
13/07/2021,56.11260605,INTC
14/07/2021,55.76727295,INTC
15/07/2021,55.06672668,INTC
16/07/2021,54.23791504,INTC
19/07/2021,53.91230392,INTC
20/07/2021,54.50431824,INTC
21/07/2021,55.48113251,INTC
22/07/2021,55.21472931,INTC
23/07/2021,52.29414749,INTC
26/07/2021,53.58670425,INTC
27/07/2021,52.47175217,INTC
28/07/2021,52.3632164,INTC
29/07/2021,52.98482513,INTC
30/07/2021,53.00456238,INTC
02/08/2021,52.96509171,INTC
03/08/2021,53.34003067,INTC
04/08/2021,53.18216324,INTC
05/08/2021,53.51782608,INTC
06/08/2021,53.54761887,INTC
09/08/2021,53.67672348,INTC
10/08/2021,53.56748199,INTC
11/08/2021,53.76610184,INTC
12/08/2021,53.17024612,INTC
13/08/2021,53.12059021,INTC
16/08/2021,53.1007309,INTC
17/08/2021,52.32611465,INTC
18/08/2021,51.82956696,INTC
19/08/2021,52.0778389,INTC
20/08/2021,51.65081024,INTC
23/08/2021,52.8623848,INTC
24/08/2021,53.4383812,INTC
25/08/2021,53.4383812,INTC
26/08/2021,52.76307678,INTC
27/08/2021,53.51782608,INTC
30/08/2021,53.56748199,INTC
31/08/2021,53.68665314,INTC
01/09/2021,53.29934311,INTC
02/09/2021,53.3589325,INTC
03/09/2021,53.14044952,INTC
07/09/2021,53.27948761,INTC
08/09/2021,53.20003891,INTC
09/09/2021,53.03121185,INTC
10/09/2021,53.46817398,INTC
13/09/2021,54.61023331,INTC
14/09/2021,54.14347839,INTC
15/09/2021,54.73933029,INTC
16/09/2021,54.45133591,INTC
17/09/2021,53.88526917,INTC
20/09/2021,52.61411285,INTC
21/09/2021,52.50487137,INTC
22/09/2021,53.13051987,INTC
23/09/2021,53.65686035,INTC
24/09/2021,53.84555054,INTC
27/09/2021,54.28250885,INTC
28/09/2021,53.62706757,INTC
29/09/2021,53.12059021,INTC
30/09/2021,52.91204071,INTC
01/10/2021,53.48803711,INTC
04/10/2021,53.1007309,INTC
05/10/2021,53.57741547,INTC
06/10/2021,53.60720444,INTC
07/10/2021,53.80582428,INTC
08/10/2021,53.4383812,INTC
11/10/2021,53.0709343,INTC
12/10/2021,51.80970383,INTC
13/10/2021,51.89908218,INTC
14/10/2021,53.52775955,INTC
15/10/2021,54.08388901,INTC
18/10/2021,54.09382248,INTC
19/10/2021,54.82870865,INTC
20/10/2021,54.98760605,INTC
21/10/2021,55.61325455,INTC
22/10/2021,49.11841965,INTC
25/10/2021,49.06876755,INTC
26/10/2021,47.94657135,INTC
27/10/2021,47.55926514,INTC
28/10/2021,47.74795532,INTC
29/10/2021,48.66159821,INTC
01/11/2021,49.207798,INTC
02/11/2021,49.51565933,INTC
03/11/2021,50.04199982,INTC
04/11/2021,50.31000137,INTC
05/11/2021,50.91999817,INTC
08/11/2021,51.54999924,INTC
09/11/2021,51.20000076,INTC
10/11/2021,50.75999832,INTC
11/11/2021,50.52999878,INTC
12/11/2021,50.31000137,INTC
15/11/2021,50.31999969,INTC
16/11/2021,50.61000061,INTC
17/11/2021,50.22999954,INTC
18/11/2021,49.68000031,INTC
19/11/2021,49.52000046,INTC
22/11/2021,49.83000183,INTC
23/11/2021,49.09999847,INTC
24/11/2021,49.75999832,INTC
26/11/2021,48.77999878,INTC
29/11/2021,50,INTC
30/11/2021,49.20000076,INTC
01/12/2021,48.59999847,INTC
02/12/2021,49.5,INTC
03/12/2021,49.25,INTC
06/12/2021,50.99000168,INTC
07/12/2021,52.56999969,INTC
08/12/2021,51.75,INTC
09/12/2021,50.47999954,INTC
10/12/2021,50.59000015,INTC
13/12/2021,50,INTC
14/12/2021,49.70000076,INTC
15/12/2020,11.43999958,PCRFY
16/12/2020,11.59000015,PCRFY
17/12/2020,11.52999973,PCRFY
18/12/2020,11.61999989,PCRFY
21/12/2020,11.48999977,PCRFY
22/12/2020,11.43999958,PCRFY
23/12/2020,11.39000034,PCRFY
24/12/2020,11.39000034,PCRFY
28/12/2020,11.55000019,PCRFY
29/12/2020,11.56999969,PCRFY
30/12/2020,11.68999958,PCRFY
31/12/2020,11.71000004,PCRFY
04/01/2021,11.72000027,PCRFY
05/01/2021,12.25,PCRFY
06/01/2021,12.30000019,PCRFY
07/01/2021,12.55000019,PCRFY
08/01/2021,12.60999966,PCRFY
11/01/2021,12.52000046,PCRFY
12/01/2021,12.55000019,PCRFY
13/01/2021,12.59000015,PCRFY
14/01/2021,12.52999973,PCRFY
15/01/2021,12.34000015,PCRFY
19/01/2021,12.72999954,PCRFY
20/01/2021,13.14999962,PCRFY
21/01/2021,13.76000023,PCRFY
22/01/2021,14.10000038,PCRFY
25/01/2021,13.76000023,PCRFY
26/01/2021,13.96000004,PCRFY
27/01/2021,13.81000042,PCRFY
28/01/2021,13.57999992,PCRFY
29/01/2021,13.10000038,PCRFY
01/02/2021,13.01000023,PCRFY
02/02/2021,14.05000019,PCRFY
03/02/2021,13.75,PCRFY
04/02/2021,13.94999981,PCRFY
05/02/2021,13.48999977,PCRFY
08/02/2021,13.92000008,PCRFY
09/02/2021,13.81999969,PCRFY
10/02/2021,13.90999985,PCRFY
11/02/2021,14.02000046,PCRFY
12/02/2021,14.28999996,PCRFY
16/02/2021,14.26000023,PCRFY
17/02/2021,14.23999977,PCRFY
18/02/2021,13.76000023,PCRFY
19/02/2021,13.81999969,PCRFY
22/02/2021,13.72000027,PCRFY
23/02/2021,13.60000038,PCRFY
24/02/2021,13.75,PCRFY
25/02/2021,13.39999962,PCRFY
26/02/2021,13.11999989,PCRFY
01/03/2021,13.13000011,PCRFY
02/03/2021,13.23999977,PCRFY
03/03/2021,13.07999992,PCRFY
04/03/2021,12.78999996,PCRFY
05/03/2021,13.30000019,PCRFY
08/03/2021,13.13000011,PCRFY
09/03/2021,12.48999977,PCRFY
10/03/2021,12.35000038,PCRFY
11/03/2021,12.31000042,PCRFY
12/03/2021,12.43000031,PCRFY
15/03/2021,12.43999958,PCRFY
16/03/2021,12.52999973,PCRFY
17/03/2021,12.76000023,PCRFY
18/03/2021,12.72000027,PCRFY
19/03/2021,13.09000015,PCRFY
22/03/2021,12.96000004,PCRFY
23/03/2021,12.88000011,PCRFY
24/03/2021,12.80000019,PCRFY
25/03/2021,13.05000019,PCRFY
26/03/2021,13.06999969,PCRFY
29/03/2021,12.98999977,PCRFY
30/03/2021,13.14999962,PCRFY
31/03/2021,13.03999996,PCRFY
01/04/2021,12.93999958,PCRFY
05/04/2021,13.07999992,PCRFY
06/04/2021,12.89999962,PCRFY
07/04/2021,12.84000015,PCRFY
08/04/2021,12.56999969,PCRFY
09/04/2021,12.71000004,PCRFY
12/04/2021,12.68000031,PCRFY
13/04/2021,12.85000038,PCRFY
14/04/2021,12.90999985,PCRFY
15/04/2021,12.97999954,PCRFY
16/04/2021,12.98999977,PCRFY
19/04/2021,12.89000034,PCRFY
20/04/2021,12.5,PCRFY
21/04/2021,12.57999992,PCRFY
22/04/2021,12.52000046,PCRFY
23/04/2021,12.10000038,PCRFY
26/04/2021,12.22000027,PCRFY
27/04/2021,11.94999981,PCRFY
28/04/2021,12.09000015,PCRFY
29/04/2021,12.07999992,PCRFY
30/04/2021,11.81999969,PCRFY
03/05/2021,11.96000004,PCRFY
04/05/2021,11.78999996,PCRFY
05/05/2021,12,PCRFY
06/05/2021,11.72999954,PCRFY
07/05/2021,11.73999977,PCRFY
10/05/2021,11.77000046,PCRFY
11/05/2021,11.27000046,PCRFY
12/05/2021,10.92000008,PCRFY
13/05/2021,11.15999985,PCRFY
14/05/2021,11.19999981,PCRFY
17/05/2021,11.05000019,PCRFY
18/05/2021,10.89999962,PCRFY
19/05/2021,10.89000034,PCRFY
20/05/2021,11.03999996,PCRFY
21/05/2021,10.86999989,PCRFY
24/05/2021,11.02000046,PCRFY
25/05/2021,11.11999989,PCRFY
26/05/2021,11.56999969,PCRFY
27/05/2021,11.47999954,PCRFY
28/05/2021,11.43000031,PCRFY
01/06/2021,11.46000004,PCRFY
02/06/2021,11.51000023,PCRFY
03/06/2021,11.42000008,PCRFY
04/06/2021,11.69999981,PCRFY
07/06/2021,11.68999958,PCRFY
08/06/2021,11.61999989,PCRFY
09/06/2021,11.57999992,PCRFY
10/06/2021,11.5,PCRFY
11/06/2021,11.38000011,PCRFY
14/06/2021,11.5,PCRFY
15/06/2021,11.44999981,PCRFY
16/06/2021,11.38000011,PCRFY
17/06/2021,11.27000046,PCRFY
18/06/2021,11.10000038,PCRFY
21/06/2021,11.25,PCRFY
22/06/2021,11.34000015,PCRFY
23/06/2021,11.14999962,PCRFY
24/06/2021,11.39000034,PCRFY
25/06/2021,11.84000015,PCRFY
28/06/2021,11.72999954,PCRFY
29/06/2021,11.72999954,PCRFY
30/06/2021,11.59000015,PCRFY
01/07/2021,11.56000042,PCRFY
02/07/2021,11.84000015,PCRFY
06/07/2021,11.75,PCRFY
07/07/2021,11.76000023,PCRFY
08/07/2021,11.65999985,PCRFY
09/07/2021,12.01000023,PCRFY
12/07/2021,12.10999966,PCRFY
13/07/2021,11.94999981,PCRFY
14/07/2021,11.97999954,PCRFY
15/07/2021,11.96000004,PCRFY
16/07/2021,11.94999981,PCRFY
19/07/2021,11.60999966,PCRFY
20/07/2021,11.84000015,PCRFY
21/07/2021,12.14999962,PCRFY
22/07/2021,12.11999989,PCRFY
23/07/2021,12.21000004,PCRFY
26/07/2021,12.03999996,PCRFY
27/07/2021,11.92000008,PCRFY
28/07/2021,12.13000011,PCRFY
29/07/2021,12.68999958,PCRFY
30/07/2021,12.13000011,PCRFY
02/08/2021,12.17000008,PCRFY
03/08/2021,12.31999969,PCRFY
04/08/2021,12.18999958,PCRFY
05/08/2021,12.43999958,PCRFY
06/08/2021,12.39999962,PCRFY
09/08/2021,12.40999985,PCRFY
10/08/2021,12.32999992,PCRFY
11/08/2021,12.5,PCRFY
12/08/2021,12.46000004,PCRFY
13/08/2021,12.39999962,PCRFY
16/08/2021,12.19999981,PCRFY
17/08/2021,12.10000038,PCRFY
18/08/2021,11.92000008,PCRFY
19/08/2021,11.40999985,PCRFY
20/08/2021,11.30000019,PCRFY
23/08/2021,11.51000023,PCRFY
24/08/2021,11.80000019,PCRFY
25/08/2021,11.69999981,PCRFY
26/08/2021,11.43999958,PCRFY
27/08/2021,11.75,PCRFY
30/08/2021,12.15999985,PCRFY
31/08/2021,12,PCRFY
01/09/2021,12.18000031,PCRFY
02/09/2021,12.09000015,PCRFY
03/09/2021,12.52000046,PCRFY
07/09/2021,12.93999958,PCRFY
08/09/2021,12.90999985,PCRFY
09/09/2021,12.93000031,PCRFY
10/09/2021,12.97999954,PCRFY
13/09/2021,13.27999973,PCRFY
14/09/2021,13.19999981,PCRFY
15/09/2021,13.28999996,PCRFY
16/09/2021,13.17000008,PCRFY
17/09/2021,12.88000011,PCRFY
20/09/2021,12.61999989,PCRFY
21/09/2021,12.81999969,PCRFY
22/09/2021,12.84000015,PCRFY
23/09/2021,12.92000008,PCRFY
24/09/2021,12.86999989,PCRFY
27/09/2021,12.89999962,PCRFY
28/09/2021,12.64000034,PCRFY
29/09/2021,12.68999958,PCRFY
30/09/2021,12.43000031,PCRFY
01/10/2021,12.28999996,PCRFY
04/10/2021,11.56999969,PCRFY
05/10/2021,11.68000031,PCRFY
06/10/2021,11.40999985,PCRFY
07/10/2021,11.47999954,PCRFY
08/10/2021,11.56000042,PCRFY
11/10/2021,11.98999977,PCRFY
12/10/2021,12.15999985,PCRFY
13/10/2021,12.05000019,PCRFY
14/10/2021,12.21000004,PCRFY
15/10/2021,12.39000034,PCRFY
18/10/2021,12.31999969,PCRFY
19/10/2021,12.28999996,PCRFY
20/10/2021,12.22999954,PCRFY
21/10/2021,11.97999954,PCRFY
22/10/2021,12.35000038,PCRFY
25/10/2021,12.93999958,PCRFY
26/10/2021,13.5,PCRFY
27/10/2021,13.22000027,PCRFY
28/10/2021,12.97000027,PCRFY
29/10/2021,12.40999985,PCRFY
01/11/2021,12.19999981,PCRFY
02/11/2021,12.06999969,PCRFY
03/11/2021,12.17000008,PCRFY
04/11/2021,12.42000008,PCRFY
05/11/2021,12.23999977,PCRFY
08/11/2021,12.18999958,PCRFY
09/11/2021,12.05000019,PCRFY
10/11/2021,12.13000011,PCRFY
11/11/2021,12.22999954,PCRFY
12/11/2021,12.51000023,PCRFY
15/11/2021,12.47000027,PCRFY
16/11/2021,12.27000046,PCRFY
17/11/2021,12.18000031,PCRFY
18/11/2021,12.17000008,PCRFY
19/11/2021,12.13000011,PCRFY
22/11/2021,12.11999989,PCRFY
23/11/2021,12.03999996,PCRFY
24/11/2021,11.97000027,PCRFY
26/11/2021,11.43000031,PCRFY
29/11/2021,11.31000042,PCRFY
30/11/2021,10.89999962,PCRFY
01/12/2021,10.86999989,PCRFY
02/12/2021,11.10000038,PCRFY
03/12/2021,11.03999996,PCRFY
06/12/2021,11.06000042,PCRFY
07/12/2021,11.31999969,PCRFY
08/12/2021,11.14000034,PCRFY
09/12/2021,10.93999958,PCRFY
10/12/2021,11.10999966,PCRFY
13/12/2021,10.81999969,PCRFY
14/12/2021,10.63000011,PCRFY
15/12/2020,133.297287,PG
16/12/2020,133.9020844,PG
17/12/2020,134.8580475,PG
18/12/2020,135.6286316,PG
21/12/2020,134.1459503,PG
22/12/2020,133.1997375,PG
23/12/2020,132.9948883,PG
24/12/2020,134.3410492,PG
28/12/2020,135.2774658,PG
29/12/2020,135.0238647,PG
30/12/2020,134.3898163,PG
31/12/2020,135.7261963,PG
04/01/2021,134.4385986,PG
05/01/2021,135.2969818,PG
06/01/2021,136.7211761,PG
07/01/2021,135.4433136,PG
08/01/2021,135.3847656,PG
11/01/2021,134.4678497,PG
12/01/2021,133.6874695,PG
13/01/2021,133.8923035,PG
14/01/2021,132.4681396,PG
15/01/2021,131.473175,PG
19/01/2021,130.3221283,PG
20/01/2021,128.6930847,PG
21/01/2021,128.5664978,PG
22/01/2021,127.5753403,PG
25/01/2021,129.7735748,PG
26/01/2021,130.6077118,PG
27/01/2021,125.9855652,PG
28/01/2021,127.9286194,PG
29/01/2021,125.8187408,PG
01/02/2021,126.5645599,PG
02/02/2021,126.3879013,PG
03/02/2021,126.5449295,PG
04/02/2021,126.623436,PG
05/02/2021,127.1533737,PG
08/02/2021,126.7608261,PG
09/02/2021,126.2701492,PG
10/02/2021,125.8285446,PG
11/02/2021,125.9364929,PG
12/02/2021,125.2397308,PG
16/02/2021,125.5341415,PG
17/02/2021,126.0640717,PG
18/02/2021,127.1141052,PG
19/02/2021,124.7490616,PG
22/02/2021,124.2191238,PG
23/02/2021,125.1415939,PG
24/02/2021,125.2789917,PG
25/02/2021,124.2191238,PG
26/02/2021,121.2260132,PG
01/03/2021,121.9718399,PG
02/03/2021,121.589119,PG
03/03/2021,120.862915,PG
04/03/2021,119.8717575,PG
05/03/2021,123.6303253,PG
08/03/2021,124.9355087,PG
09/03/2021,123.8265915,PG
10/03/2021,124.9649506,PG
11/03/2021,124.5429764,PG
12/03/2021,125.7500305,PG
15/03/2021,126.1622009,PG
16/03/2021,126.5351181,PG
17/03/2021,126.0248108,PG
18/03/2021,126.2995911,PG
19/03/2021,125.6224518,PG
22/03/2021,127.7519836,PG
23/03/2021,130.1268616,PG
24/03/2021,130.0875854,PG
25/03/2021,130.9904175,PG
26/03/2021,132.9236908,PG
29/03/2021,135.0041656,PG
30/03/2021,132.9236908,PG
31/03/2021,132.904068,PG
01/04/2021,131.7755127,PG
05/04/2021,133.9050446,PG
06/04/2021,133.9541016,PG
07/04/2021,134.1896362,PG
08/04/2021,134.6999207,PG
09/04/2021,133.8265381,PG
12/04/2021,134.366272,PG
13/04/2021,132.5900421,PG
14/04/2021,133.0709076,PG
15/04/2021,134.6803131,PG
16/04/2021,134.6901245,PG
19/04/2021,134.0620575,PG
20/04/2021,135.1808014,PG
21/04/2021,134.2975922,PG
22/04/2021,132.9642792,PG
23/04/2021,132.2828217,PG
26/04/2021,129.6359711,PG
27/04/2021,129.5569611,PG
28/04/2021,129.774231,PG
29/04/2021,130.8705139,PG
30/04/2021,131.7692566,PG
03/05/2021,133.3297119,PG
04/05/2021,132.8753815,PG
05/05/2021,131.8087769,PG
06/05/2021,133.4679718,PG
07/05/2021,133.4778442,PG
10/05/2021,135.9666595,PG
11/05/2021,135.2950897,PG
12/05/2021,133.8630219,PG
13/05/2021,136.0160522,PG
14/05/2021,136.3024597,PG
17/05/2021,136.0259247,PG
18/05/2021,134.6333771,PG
19/05/2021,134.9099121,PG
20/05/2021,136.2925873,PG
21/05/2021,136.2925873,PG
24/05/2021,136.2530823,PG
25/05/2021,136.7172699,PG
26/05/2021,136.4111023,PG
27/05/2021,133.3099518,PG
28/05/2021,133.1815643,PG
01/06/2021,131.2359314,PG
02/06/2021,131.8087769,PG
03/06/2021,134.1692047,PG
04/06/2021,134.2679596,PG
07/06/2021,134.732132,PG
08/06/2021,133.1716766,PG
09/06/2021,133.1222992,PG
10/06/2021,134.1099243,PG
11/06/2021,133.1914368,PG
14/06/2021,133.2408295,PG
15/06/2021,132.984024,PG
16/06/2021,131.1371765,PG
17/06/2021,132.3321991,PG
18/06/2021,130.3964386,PG
21/06/2021,131.423584,PG
22/06/2021,131.4729614,PG
23/06/2021,131.2853088,PG
24/06/2021,131.3742065,PG
25/06/2021,133.2507019,PG
28/06/2021,133.645752,PG
29/06/2021,132.7371368,PG
30/06/2021,133.2605591,PG
01/07/2021,133.5667267,PG
02/07/2021,134.2185669,PG
06/07/2021,134.2975769,PG
07/07/2021,135.3049622,PG
08/07/2021,135.285202,PG
09/07/2021,135.3345795,PG
12/07/2021,135.443222,PG
13/07/2021,135.2753296,PG
14/07/2021,136.2728271,PG
15/07/2021,137.4382477,PG
16/07/2021,138.7715302,PG
19/07/2021,138.7024078,PG
20/07/2021,137.9616852,PG
21/07/2021,137.4777374,PG
22/07/2021,136.9510193,PG
23/07/2021,138.9287415,PG
26/07/2021,139.4157257,PG
27/07/2021,139.9822235,PG
28/07/2021,137.9050903,PG
29/07/2021,138.6206512,PG
30/07/2021,141.353714,PG
02/08/2021,141.0058746,PG
03/08/2021,143.0631104,PG
04/08/2021,141.552475,PG
05/08/2021,141.6220551,PG
06/08/2021,140.5387726,PG
09/08/2021,141.3040161,PG
10/08/2021,141.3934784,PG
11/08/2021,141.7413025,PG
12/08/2021,142.0692749,PG
13/08/2021,142.7550354,PG
16/08/2021,143.7488708,PG
17/08/2021,143.9873962,PG
18/08/2021,142.4171295,PG
19/08/2021,144.0967102,PG
20/08/2021,144.1960907,PG
23/08/2021,143.4606628,PG
24/08/2021,142.2978516,PG
25/08/2021,141.7910004,PG
26/08/2021,141.5425415,PG
27/08/2021,141.4332275,PG
30/08/2021,142.0493927,PG
31/08/2021,141.5127258,PG
01/09/2021,142.9537964,PG
02/09/2021,143.0631104,PG
03/09/2021,143.1625061,PG
07/09/2021,142.625824,PG
08/09/2021,143.7091217,PG
09/09/2021,143.1028748,PG
10/09/2021,143.2420197,PG
13/09/2021,144.7824554,PG
14/09/2021,144.5339966,PG
15/09/2021,144.2259064,PG
16/09/2021,143.2221375,PG
17/09/2021,143.4507141,PG
20/09/2021,142.0096436,PG
21/09/2021,142.228302,PG
22/09/2021,142.7152863,PG
23/09/2021,143.3016357,PG
24/09/2021,142.6655884,PG
27/09/2021,140.7872314,PG
28/09/2021,139.7238159,PG
29/09/2021,141.1450195,PG
30/09/2021,138.9386902,PG
01/10/2021,138.720047,PG
04/10/2021,137.934906,PG
05/10/2021,138.4715881,PG
06/10/2021,140.3201294,PG
07/10/2021,141.4431763,PG
08/10/2021,140.8567963,PG
11/10/2021,141.4431763,PG
12/10/2021,141.2344513,PG
13/10/2021,141.5624237,PG
14/10/2021,143.1625061,PG
15/10/2021,143.5302277,PG
18/10/2021,141.463028,PG
19/10/2021,139.793396,PG
20/10/2021,140.3400116,PG
21/10/2021,139.3300018,PG
22/10/2021,140.8300018,PG
25/10/2021,140.8500061,PG
26/10/2021,142.8500061,PG
27/10/2021,141.8300018,PG
28/10/2021,142.6799927,PG
29/10/2021,142.9900055,PG
01/11/2021,142.6399994,PG
02/11/2021,144.0599976,PG
03/11/2021,145.0500031,PG
04/11/2021,145.3200073,PG
05/11/2021,146.0399933,PG
08/11/2021,144.9499969,PG
09/11/2021,145.3899994,PG
10/11/2021,146.8200073,PG
11/11/2021,146.3999939,PG
12/11/2021,146.5599976,PG
15/11/2021,147.3999939,PG
16/11/2021,147.1900024,PG
17/11/2021,147.1000061,PG
18/11/2021,147.1199951,PG
19/11/2021,146.8200073,PG
22/11/2021,147.8000031,PG
23/11/2021,149.4400024,PG
24/11/2021,148.6600037,PG
26/11/2021,147.4700012,PG
29/11/2021,149.0200043,PG
30/11/2021,144.5800018,PG
01/12/2021,146.3999939,PG
02/12/2021,147.2599945,PG
03/12/2021,149.8800049,PG
06/12/2021,152.1499939,PG
07/12/2021,151.75,PG
08/12/2021,152.4299927,PG
09/12/2021,153.3200073,PG
10/12/2021,155.4600067,PG
13/12/2021,157.6699982,PG
14/12/2021,158.25,PG
15/12/2020,152.8500061,TM
16/12/2020,155.0899963,TM
17/12/2020,154.6399994,TM
18/12/2020,153.7700043,TM
21/12/2020,151.7700043,TM
22/12/2020,150.7700043,TM
23/12/2020,151.1600037,TM
24/12/2020,150.4700012,TM
28/12/2020,152.6000061,TM
29/12/2020,153.3399963,TM
30/12/2020,154.0899963,TM
31/12/2020,154.5700073,TM
04/01/2021,153.2899933,TM
05/01/2021,153.3999939,TM
06/01/2021,153.5299988,TM
07/01/2021,152.6699982,TM
08/01/2021,152.8500061,TM
11/01/2021,153.3899994,TM
12/01/2021,151.75,TM
13/01/2021,150.6499939,TM
14/01/2021,151.3399963,TM
15/01/2021,148.4100037,TM
19/01/2021,148.1300049,TM
20/01/2021,149.9799957,TM
21/01/2021,151.3399963,TM
22/01/2021,147.9499969,TM
25/01/2021,146.7200012,TM
26/01/2021,145.9799957,TM
27/01/2021,142.6399994,TM
28/01/2021,143.3000031,TM
29/01/2021,140.5200043,TM
01/02/2021,140.4100037,TM
02/02/2021,143.1199951,TM
03/02/2021,148.0700073,TM
04/02/2021,148.0200043,TM
05/02/2021,150.8600006,TM
08/02/2021,152.9299927,TM
09/02/2021,154,TM
10/02/2021,161.5599976,TM
11/02/2021,158.9400024,TM
12/02/2021,160.4900055,TM
16/02/2021,156.4799957,TM
17/02/2021,156.5299988,TM
18/02/2021,153.4499969,TM
19/02/2021,153.5500031,TM
22/02/2021,152.4400024,TM
23/02/2021,152.7299957,TM
24/02/2021,152.4499969,TM
25/02/2021,149.2599945,TM
26/02/2021,147.9299927,TM
01/03/2021,149.3399963,TM
02/03/2021,149.2100067,TM
03/03/2021,148.8300018,TM
04/03/2021,146.8500061,TM
05/03/2021,148.5200043,TM
08/03/2021,148.2299957,TM
09/03/2021,151.5399933,TM
10/03/2021,151.8800049,TM
11/03/2021,150.3600006,TM
12/03/2021,150.5299988,TM
15/03/2021,152.8999939,TM
16/03/2021,152.1000061,TM
17/03/2021,153.6399994,TM
18/03/2021,157.7100067,TM
19/03/2021,158.5800018,TM
22/03/2021,154.4799957,TM
23/03/2021,151.3399963,TM
24/03/2021,150.6699982,TM
25/03/2021,151.0700073,TM
26/03/2021,153.3699951,TM
29/03/2021,154.8999939,TM
30/03/2021,153.8699951,TM
31/03/2021,156.0599976,TM
01/04/2021,154.1600037,TM
05/04/2021,155.3800049,TM
06/04/2021,153.6499939,TM
07/04/2021,154.6999969,TM
08/04/2021,153.3800049,TM
09/04/2021,154.2799988,TM
12/04/2021,154.0899963,TM
13/04/2021,155.7700043,TM
14/04/2021,156.2200012,TM
15/04/2021,157.3099976,TM
16/04/2021,157.5700073,TM
19/04/2021,156.4100037,TM
20/04/2021,154.1000061,TM
21/04/2021,155.1399994,TM
22/04/2021,154.7799988,TM
23/04/2021,154.9900055,TM
26/04/2021,153.5399933,TM
27/04/2021,152.8099976,TM
28/04/2021,153.2599945,TM
29/04/2021,152.4299927,TM
30/04/2021,150.7700043,TM
03/05/2021,152.2299957,TM
04/05/2021,150.5899963,TM
05/05/2021,151.4199982,TM
06/05/2021,152.9600067,TM
07/05/2021,153.6499939,TM
10/05/2021,155.0599976,TM
11/05/2021,152.2400055,TM
12/05/2021,153.5200043,TM
13/05/2021,155.2299957,TM
14/05/2021,155.8500061,TM
17/05/2021,158.6799927,TM
18/05/2021,160.6600037,TM
19/05/2021,159.2899933,TM
20/05/2021,160.2200012,TM
21/05/2021,161.1600037,TM
24/05/2021,162.7799988,TM
25/05/2021,162.2400055,TM
26/05/2021,164.0200043,TM
27/05/2021,165.5500031,TM
28/05/2021,165.9799957,TM
01/06/2021,172.3399963,TM
02/06/2021,176.6300049,TM
03/06/2021,179.6699982,TM
04/06/2021,182.4100037,TM
07/06/2021,180.8000031,TM
08/06/2021,179.6100006,TM
09/06/2021,180.5399933,TM
10/06/2021,180.1799927,TM
11/06/2021,181.4700012,TM
14/06/2021,180.5899963,TM
15/06/2021,182.4499969,TM
16/06/2021,183.8399963,TM
17/06/2021,185.1999969,TM
18/06/2021,177.0299988,TM
21/06/2021,178.8800049,TM
22/06/2021,179.3899994,TM
23/06/2021,177.7100067,TM
24/06/2021,177.6699982,TM
25/06/2021,178.1000061,TM
28/06/2021,177.0700073,TM
29/06/2021,176.7299957,TM
30/06/2021,174.8399963,TM
01/07/2021,175.4799957,TM
02/07/2021,176.0299988,TM
06/07/2021,174.9299927,TM
07/07/2021,175.6499939,TM
08/07/2021,174.2299957,TM
09/07/2021,177.7899933,TM
12/07/2021,178.8999939,TM
13/07/2021,179.1799927,TM
14/07/2021,180,TM
15/07/2021,178.9299927,TM
16/07/2021,178.1300049,TM
19/07/2021,176.3000031,TM
20/07/2021,178.1199951,TM
21/07/2021,179.6799927,TM
22/07/2021,177.9900055,TM
23/07/2021,179.8500061,TM
26/07/2021,179.5,TM
27/07/2021,178.4400024,TM
28/07/2021,179.8699951,TM
29/07/2021,181.4199982,TM
30/07/2021,179.8399963,TM
02/08/2021,181.8800049,TM
03/08/2021,185.9499969,TM
04/08/2021,182.1799927,TM
05/08/2021,182.8600006,TM
06/08/2021,180.7200012,TM
09/08/2021,180.5700073,TM
10/08/2021,179.8999939,TM
11/08/2021,181.3800049,TM
12/08/2021,180.9400024,TM
13/08/2021,181.3399963,TM
16/08/2021,180.6000061,TM
17/08/2021,178.1699982,TM
18/08/2021,175.7299957,TM
19/08/2021,168.5500031,TM
20/08/2021,164.6600037,TM
23/08/2021,168.7400055,TM
24/08/2021,171.0200043,TM
25/08/2021,173.75,TM
26/08/2021,171.5899963,TM
27/08/2021,173.8800049,TM
30/08/2021,172.8600006,TM
31/08/2021,174.2299957,TM
01/09/2021,176.2100067,TM
02/09/2021,176.2400055,TM
03/09/2021,179.2700043,TM
07/09/2021,181.6399994,TM
08/09/2021,180,TM
09/09/2021,180.0700073,TM
10/09/2021,176.3000031,TM
13/09/2021,178.4600067,TM
14/09/2021,179.3899994,TM
15/09/2021,181.7100067,TM
16/09/2021,181.9400024,TM
17/09/2021,180.9499969,TM
20/09/2021,176.7100067,TM
21/09/2021,181.8999939,TM
22/09/2021,181.5899963,TM
23/09/2021,182.7899933,TM
24/09/2021,182.5700073,TM
27/09/2021,186.5200043,TM
28/09/2021,184.8500061,TM
29/09/2021,185.4499969,TM
30/09/2021,177.75,TM
01/10/2021,177.6199951,TM
04/10/2021,171.8099976,TM
05/10/2021,172.1399994,TM
06/10/2021,166.9700012,TM
07/10/2021,169.4700012,TM
08/10/2021,171.9700012,TM
11/10/2021,175.1499939,TM
12/10/2021,177.1300049,TM
13/10/2021,175.7700043,TM
14/10/2021,175.5099945,TM
15/10/2021,176.2700043,TM
18/10/2021,178.5500031,TM
19/10/2021,178.6699982,TM
20/10/2021,177.75,TM
21/10/2021,174.0200043,TM
22/10/2021,173.3999939,TM
25/10/2021,172.2299957,TM
26/10/2021,173.1999969,TM
27/10/2021,174.0899963,TM
28/10/2021,176.4799957,TM
29/10/2021,176.5700073,TM
01/11/2021,179.9799957,TM
02/11/2021,179.6100006,TM
03/11/2021,181.0700073,TM
04/11/2021,181.4799957,TM
05/11/2021,179.2799988,TM
08/11/2021,180.4799957,TM
09/11/2021,176.3200073,TM
10/11/2021,177.3600006,TM
11/11/2021,179.0299988,TM
12/11/2021,184.3999939,TM
15/11/2021,184.3899994,TM
16/11/2021,187.4299927,TM
17/11/2021,186.2100067,TM
18/11/2021,184.6499939,TM
19/11/2021,185.9600067,TM
22/11/2021,185.0899963,TM
23/11/2021,185.0599976,TM
24/11/2021,184.8099976,TM
26/11/2021,179.8300018,TM
29/11/2021,177.4700012,TM
30/11/2021,177.8500061,TM
01/12/2021,178.2899933,TM
02/12/2021,183.1600037,TM
03/12/2021,182.4600067,TM
06/12/2021,184.5899963,TM
07/12/2021,187.4400024,TM
08/12/2021,182.4799957,TM
09/12/2021,180.7700043,TM
10/12/2021,182.3500061,TM
13/12/2021,176.1199951,TM
14/12/2021,180.7799988,TM
15/12/2020,207.0879211,V
16/12/2020,206.9984741,V
17/12/2020,209.8907013,V
18/12/2020,210.0199127,V
21/12/2020,207.7339478,V
22/12/2020,204.5832977,V
23/12/2020,204.0466156,V
24/12/2020,207.4258423,V
28/12/2020,211.3318481,V
29/12/2020,213.061203,V
30/12/2020,217.0268707,V
31/12/2020,217.3945923,V
04/01/2021,216.4305267,V
05/01/2021,213.2003632,V
06/01/2021,211.3218994,V
07/01/2021,212.5046387,V
08/01/2021,214.134613,V
11/01/2021,211.5902557,V
12/01/2021,207.5848694,V
13/01/2021,208.0718842,V
14/01/2021,200.627594,V
15/01/2021,200.3592529,V
19/01/2021,200.428833,V
20/01/2021,204.7522583,V
21/01/2021,203.8875732,V
22/01/2021,200.7866364,V
25/01/2021,199.7529602,V
26/01/2021,200.7766876,V
27/01/2021,193.7796783,V
28/01/2021,197.0098267,V
29/01/2021,192.0701752,V
01/02/2021,197.1489563,V
02/02/2021,201.3730316,V
03/02/2021,200.1306458,V
04/02/2021,207.9724884,V
05/02/2021,207.4954224,V
08/02/2021,205.6269073,V
09/02/2021,205.2591705,V
10/02/2021,205.1796417,V
11/02/2021,209.6989288,V
12/02/2021,209.002121,V
16/02/2021,206.9515228,V
17/02/2021,206.5632935,V
18/02/2021,208.3949127,V
19/02/2021,203.79599,V
22/02/2021,207.3696136,V
23/02/2021,211.1423035,V
24/02/2021,218.4289093,V
25/02/2021,212.7748413,V
26/02/2021,211.4210358,V
01/03/2021,215.6416779,V
02/03/2021,214.785614,V
03/03/2021,213.869812,V
04/03/2021,210.5350952,V
05/03/2021,214.4272614,V
08/03/2021,219.2650909,V
09/03/2021,219.3546906,V
10/03/2021,222.1518555,V
11/03/2021,225.1182556,V
12/03/2021,223.3364258,V
15/03/2021,222.2513885,V
16/03/2021,223.674881,V
17/03/2021,222.002533,V
18/03/2021,219.6533051,V
19/03/2021,205.9560852,V
22/03/2021,207.0510559,V
23/03/2021,207.2003784,V
24/03/2021,207.1207581,V
25/03/2021,207.0212097,V
26/03/2021,212.5558319,V
29/03/2021,213.5313568,V
30/03/2021,210.9332581,V
31/03/2021,210.7640228,V
01/04/2021,215.8706512,V
05/04/2021,218.0406952,V
06/04/2021,217.6524811,V
07/04/2021,218.2696533,V
08/04/2021,219.6931152,V
09/04/2021,221.504837,V
12/04/2021,220.45961,V
13/04/2021,220.011673,V
14/04/2021,220.9672852,V
15/04/2021,225.2476654,V
16/04/2021,225.3770752,V
19/04/2021,224.7598877,V
20/04/2021,222.2613373,V
21/04/2021,226.412323,V
22/04/2021,226.5317841,V
23/04/2021,228.9506836,V
26/04/2021,229.2891388,V
27/04/2021,228.8610992,V
28/04/2021,232.3849487,V
29/04/2021,235.7793884,V
30/04/2021,232.4944458,V
03/05/2021,231.5487823,V
04/05/2021,230.9714355,V
05/05/2021,228.1643066,V
06/05/2021,230.264679,V
07/05/2021,231.0610199,V
10/05/2021,224.9390717,V
11/05/2021,224.4513092,V
12/05/2021,219.6234436,V
13/05/2021,223.0427551,V
14/05/2021,226.2327881,V
17/05/2021,225.7343445,V
18/05/2021,224.8670654,V
19/05/2021,223.8901062,V
20/05/2021,225.7343445,V
21/05/2021,226.0633087,V
24/05/2021,228.6053772,V
25/05/2021,228.3063049,V
26/05/2021,226.3623962,V
27/05/2021,226.1530304,V
28/05/2021,226.5916595,V
01/06/2021,225.9237518,V
02/06/2021,228.9443207,V
03/06/2021,227.3991394,V
04/06/2021,229.4228058,V
07/06/2021,230.5991364,V
08/06/2021,231.3268585,V
09/06/2021,231.5860443,V
10/06/2021,233.220932,V
11/06/2021,234.2277985,V
14/06/2021,233.3505249,V
15/06/2021,232.253952,V
16/06/2021,228.884491,V
17/06/2021,231.4265442,V
18/06/2021,229.6919708,V
21/06/2021,233.589798,V
22/06/2021,235.1947632,V
23/06/2021,233.9486542,V
24/06/2021,235.5038147,V
25/06/2021,236.5804443,V
28/06/2021,233.3604889,V
29/06/2021,235.2147064,V
30/06/2021,233.0913544,V
01/07/2021,234.4171906,V
02/07/2021,237.8863525,V
06/07/2021,238.8533478,V
07/07/2021,239.2520905,V
08/07/2021,235.8726501,V
09/07/2021,237.7268524,V
12/07/2021,237.1287231,V
13/07/2021,241.5947723,V
14/07/2021,245.2234344,V
15/07/2021,247.7754517,V
16/07/2021,247.3467865,V
19/07/2021,239.6608124,V
20/07/2021,241.9436798,V
21/07/2021,242.9006805,V
22/07/2021,243.3791809,V
23/07/2021,248.243988,V
26/07/2021,249.4701385,V
27/07/2021,250.1480255,V
28/07/2021,246.1704559,V
29/07/2021,247.1474152,V
30/07/2021,245.6221771,V
02/08/2021,239.0327759,V
03/08/2021,236.3511505,V
04/08/2021,235.9324646,V
05/08/2021,239.461441,V
06/08/2021,240.6477051,V
09/08/2021,239.2520905,V
10/08/2021,237.3281097,V
11/08/2021,234.3274841,V
12/08/2021,231.3826599,V
13/08/2021,232.2411499,V
16/08/2021,234.9463959,V
17/08/2021,234.1178589,V
18/08/2021,231.2229614,V
19/08/2021,231.1630707,V
20/08/2021,230.9534302,V
23/08/2021,233.7285461,V
24/08/2021,233.8283691,V
25/08/2021,232.1812592,V
26/08/2021,230.1148987,V
27/08/2021,232.2810974,V
30/08/2021,230.8236542,V
31/08/2021,228.697403,V
01/09/2021,229.7156067,V
02/09/2021,223.7860413,V
03/09/2021,224.7144165,V
07/09/2021,225.8723755,V
08/09/2021,228.6874084,V
09/09/2021,227.0902252,V
10/09/2021,224.5147705,V
13/09/2021,224.23526,V
14/09/2021,222.6380615,V
15/09/2021,223.416687,V
16/09/2021,223.9357758,V
17/09/2021,221.360321,V
20/09/2021,219.6632996,V
21/09/2021,219.7830811,V
22/09/2021,222.358551,V
23/09/2021,227.908783,V
24/09/2021,231.1830139,V
27/09/2021,229.1965179,V
28/09/2021,225.16362,V
29/09/2021,226.2816467,V
30/09/2021,222.358551,V
01/10/2021,230.0550079,V
04/10/2021,224.3350677,V
05/10/2021,223.8858643,V
06/10/2021,226.1119385,V
07/10/2021,230.1448517,V
08/10/2021,229.8653412,V
11/10/2021,224.7144165,V
12/10/2021,223.6562805,V
13/10/2021,222.0690765,V
14/10/2021,224.7842712,V
15/10/2021,230.5840759,V
18/10/2021,230.2446747,V
19/10/2021,233.1096344,V
20/10/2021,231.0133209,V
21/10/2021,229.8354034,V
22/10/2021,230.8236542,V
25/10/2021,233.4690094,V
26/10/2021,231.4126282,V
27/10/2021,215.4008026,V
28/10/2021,209.4712372,V
29/10/2021,211.3978577,V
01/11/2021,212.0866394,V
02/11/2021,208.7724762,V
03/11/2021,207.734314,V
04/11/2021,208.4131012,V
05/11/2021,216.2892456,V
08/11/2021,220.1025391,V
09/11/2021,213.0149994,V
10/11/2021,215.5599976,V
11/11/2021,210.4199982,V
12/11/2021,212.0899963,V
15/11/2021,212.3000031,V
16/11/2021,215.1799927,V
17/11/2021,205.0599976,V
18/11/2021,203.3300018,V
19/11/2021,200.8600006,V
22/11/2021,195.5800018,V
23/11/2021,198.4900055,V
24/11/2021,203.25,V
26/11/2021,197.6499939,V
29/11/2021,196.2899933,V
30/11/2021,193.7700043,V
01/12/2021,190.1600037,V
02/12/2021,198.2899933,V
03/12/2021,196.3200073,V
06/12/2021,202.6799927,V
07/12/2021,207.3699951,V
08/12/2021,208.9900055,V
09/12/2021,211.3899994,V
10/12/2021,213.3999939,V
13/12/2021,211.0200043,V
14/12/2021,209.9799957,V
